epoch,train_loss,epsilon,delta
1,0.2302494298021674,5.408268192957067,1.134031140495118e-05
2,0.13119825251427436,6.257923877045051,1.134031140495118e-05
3,0.12121755198220607,6.921662323303183,1.134031140495118e-05
4,0.11339053673588803,7.490295738896361,1.134031140495118e-05
5,0.11035167518278878,7.998628515798507,1.134031140495118e-05
