metric,non_private_pytorch,dp_sgd_smoke,dp_minus_non_private
accuracy,0.8165365507452094,0.7722675656493967,-0.044268985095812674
precision,0.9589445910290237,0.9142365221134187,-0.04470806891560508
recall,0.7080183900880542,0.6620431699524663,-0.04597522013558797
f1,0.814595660749507,0.7679652897044201,-0.04663037104508683
fnr,0.29198160991194577,0.3379568300475337,0.04597522013558791
fpr,0.04005766656369066,0.08207187725260015,0.04201421068890949
roc_auc,0.9103638879025003,0.8971357480143658,-0.013228139888134538
pr_auc,0.935713551393365,0.9192799172322723,-0.01643363416109267
