model,split,threshold_policy,threshold,accuracy,precision,recall,f1,fnr,fpr,roc_auc,pr_auc,tn,fp,fn,tp
pytorch_non_private,target_validation,default_0_5,0.5,0.9948400412796697,0.9942038868053188,0.994712604468702,0.9944581805780544,0.00528739553129797,0.005049005049005049,0.9998172305864614,0.9998000499766133,6700,34,31,5832
pytorch_non_private,KDDTest+,default_0_5,0.5,0.8107256919801278,0.9635281385281386,0.6937582794358295,0.8066869025506275,0.3062417205641705,0.03470291422098651,0.9103638879025003,0.935713551393365,9374,337,3930,8903
pytorch_non_private,KDDTest+,validation_selected_F2,0.29000000000000004,0.8165365507452094,0.9589445910290237,0.7080183900880542,0.814595660749507,0.29198160991194577,0.04005766656369066,0.9103638879025003,0.935713551393365,9322,389,3747,9086
