metric,sklearn_baseline,pytorch_non_private,absolute_difference,tolerance,passes
f1,0.8020268781669971,0.814595660749507,0.012568782582509819,0.04,True
recall,0.7091872516169251,0.7080183900880542,0.001168861528870857,0.05,True
fnr,0.2908127483830748,0.29198160991194577,0.001168861528870968,0.05,True
pr_auc,0.9170645200569354,0.935713551393365,0.01864903133642959,0.04,True
