model,split,threshold_policy,threshold,accuracy,precision,recall,f1,fnr,fpr,roc_auc,pr_auc,tn,fp,fn,tp
pytorch_dp_sgd_smoke,target_validation,default_0_5,0.5,0.9761848059061682,0.9892700087950748,0.9592358860651543,0.974021475580187,0.04076411393484564,0.009058509058509058,0.9911628101121535,0.9932124064920631,6673,61,239,5624
pytorch_dp_sgd_smoke,KDDTest+,default_0_5,0.5,0.7330997161107168,0.9146994402531029,0.5857554741681602,0.7141703482019857,0.4142445258318398,0.07218618061991557,0.8971357480143658,0.9192799172322723,9010,701,5316,7517
pytorch_dp_sgd_smoke,KDDTest+,validation_selected_F2,0.06999999999999999,0.7722675656493967,0.9142365221134187,0.6620431699524663,0.7679652897044201,0.3379568300475337,0.08207187725260015,0.8971357480143658,0.9192799172322723,8914,797,4337,8496
